16,Alys AtteWater,F
19,Kara Shallenberg,F
20,Gesine,F
28,Kristin Hughes,F
30,Annie Coleman Rothenberg,F
32,Betsie Bush,F
39,Sherry Crowther,F
40,Vicki Barbour,F
44,travelbratd,F
45,Kelly Bescherer,F
47,Amanda,F
52,Luisa Hall,F
56,Kirsten Ferreri,F
57,Ophelia Darcy,F
64,Robin Cotter,F
65,chriss the girl,F
77,JemmaBlythe,F
82,Marlo Dianne,F
83,Catharine Eastman,F
87,Rosalind Wills,F
89,Kristen McQuillin,F
92,Cori Samuel,F
93,Kathy,F
98,Patricia Oakley,F
102,Linda Leu,F
103,Karen Savage,F
104,Laura M.D.,F
110,Cynthia Lyons (1946-2011),F
111,Linda Wilcox,F
112,Christiane Levesque,F
123,Ezwa,F
125,Claire Goget,F
126,Susan Denney,F
150,Fox in the Stars,F
151,Gwen,F
173,vlooi,F
175,Meredith Hughes,F
177,Kymm Zuckert,F
188,Mary Anderson,F
198,Heather Barnett,F
199,Maria Morabe,F
200,Maureen S. O'Brien,F
202,Geetu Melwani,F
203,Marian Brown,F
205,Esther,F
208,Andrea L,F
209,Moira Fogarty,F
211,shanda_w,F
215,Alice Elizabeth Still,F
224,Caitlin Kelly,F
225,Brenda Dayne,F
226,Deb Bacon-Ziegler,F
227,Sarah Key-DeLyria,F
228,Arctura,F
238,Maria Elmvang,F
242,Cagirlwithasoutherndrawl,F
243,Jennifer Stearns,F
248,Becky Miller,F
250,Mary Reagan,F
274,Eileen George,F
277,Alessia,F
278,AliceG,F
289,Barbara Wedge,F
294,Calliope,F
298,Caroline Morse,F
302,Chris Peterson,F
310,Dexnell Peters,F
313,Dilini Jayasinghe,F
322,Elisabeth Shields,F
337,Barbara Harvey,F
362,Judith Brown,F
366,Katy Preston,F
373,Kim Braun,F
380,Laurie Campbell,F
392,Maria Celano,F
402,Sharmini Kumar,F
403,Nocturna,F
404,Nomenphile,F
408,Claudine Chen,F
426,Norah Piehl,F
444,Sage Tyrtle,F
448,scrappylibrarian,F
451,Sonserae Leese-Calver,F
466,Joy Chan,F
472,Tina Tilney,F
479,wedschild,F
483,junk science,F
489,Tora,F
534,Jean O'Sullivan,F
576,Caroline Mercier,F
584,miette,F
585,pheo,F
587,Joy Scaglione,F
589,Stephanie Konig,F
597,Lisa Chau,F
598,Kim,F
608,Baranduin,F
614,Christine Blachford,F
636,Zale Schafer (Rose May Chamberlin Memorial Foundat,F
664,Wendy G.,F
667,Bethany Simpson,F
669,Anne,F
681,Lucy Burgoyne,F
684,Lizzie Driver,F
690,Silver,F
696,Tamara R. Schwartz,F
705,eva,F
713,Onjana Yawnghwe,F
730,Karen Labenz,F
731,Megan-Jane Daniels Suyasu,F
774,Sara Walsh,F
782,Michele Pacey,F
783,Gina,F
789,Eva,F
792,mjd-s,F
811,Elizabeth,F
829,frenchfry,F
830,sebrazer,F
844,Martina,F
876,Alisha,F
882,Mur Lafferty,F
887,Lana Taylor,F
923,Layna,F
925,pattymarie,F
937,Susie G.,F
951,thomasina,F
956,krithiga,F
960,Marloes Schoonheim,F
976,Alison Raouf,F
979,Kelli Robinson,F
1006,Marta Kornowska,F
1012,Lizzie Oldfather,F
1050,entada,F
1051,E. Moulton,F
1052,Kathy Jacobs,F
1061,Missie,F
1066,Laurie Anne Walden,F
1069,Dawn,F
1079,Mary aka Breadchick,F
1084,Nichole Karl,F
1088,Christabel,F
1092,Maria,F
1093,Kiki Baessell,F
1098,Merryb,F
1116,Megan Stemm-Wade,F
1124,Ancilla,F
1152,Millbeach,F
1154,Larysa Jaworski,F
1166,Debra Lynn,F
1168,Ree,F
1171,Julia Claussen,F
1183,roolynninms,F
1195,Jennette Selig,F
1224,Heather Duncan,F
1246,Sandra,F
1250,Christina Boyles,F
1252,Avery,F
1259,Elizabeth Klett,F
1263,Leonie Rose,F
1266,Jenilee,F
1291,Patti Brugman,F
1296,Gigi Minden,F
1298,Wina Hathaway,F
1335,Clarica,F
1342,SueAnn Dozier,F
1343,Laura Koskinen,F
1363,Tammy Sanders,F
1370,Lee Elliott,F
1373,Kira Belkin,F
1414,guava,F
1417,Psuke Bariah,F
1421,Madame Tusk,F
1422,Yazpistachio,F
1425,Jeanette Ferguson,F
1447,Luigina,F
1448,marevalo,F
1460,E. Plein,F
1463,Vivian Bush,F
1474,Jc Guan,F
1498,Lori Hebel,F
1502,Ann Boyer,F
1509,Miranda Stinson,F
1544,LilianaVale,F
1545,AmyAG,F
1547,Riddleman,F
1553,Mim Ritty,F
1563,Chandra Gioiello,F
1564,Hedvig,F
1566,Anna Christensen,F
1569,Kristine Mackin,F
1578,Lorelle Anderson,F
1579,Philippa Willitts,F
1593,Kristine Bekere,F
1633,Beecher,F
1636,Sandra Zera,F
1641,Rohanna,F
1648,Accent,F
1653,Carmina Sansone,F
1664,Shauna M,F
1665,Jessica AC Snyder,F
1668,stepheather,F
1674,Jo,F
1679,Polly,F
1680,intothelight,F
1681,islajane,F
1690,Anne-Marie,F
1691,Classicsfan,F
1693,4Cullen,F
1695,Steph,F
1696,Darcywil,F
1704,JB,F
1705,tittletattle,F
1710,Gilly,F
1714,lauralee,F
1717,PJ,F
1721,Linnea,F
1726,janeite,F
1731,Dani,F
1733,Mira Cheskis,F
1736,LC,F
1737,Erin Hastings,F
1750,Lorie Heinrichs,F
1754,Joan Freeman,F
1756,Tamara Hamilton,F
1757,cricket,F
1760,Matthew Howell,F
1765,Kelly Elizabeth,F
1767,Cori Dean,F
1773,Eliza Horne,F
1779,Cynthia Zocca,F
1784,grovejade,F
1804,Marie Manis,F
1809,cucciasv,F
1813,tesoro007,F
1819,Shannon,F
1825,srshel,F
1841,Laura Caldwell,F
1851,Kehinde,F
1859,Jan Baxter,F
1863,Ania,F
1885,inkwelldragon,F
1898,Jennifer,F
1901,Allyson Hester,F
1920,Annika Feilbach,F
1923,Maire Rhode,F
1926,Nikki Sullivan,F
1931,poormedea,F
1944,Carolyn Frances,F
1963,Belinda Brown,F
1968,lizzyblack,F
1970,Dawn Larsen,F
1974,Katie Baynes,F
1977,Jennie Hughes,F
1992,Michelle White,F
2004,Kim S,F
2007,Sheila Morton,F
2010,Julie Bynum,F
2026,Mil Nicholson,F
2042,Charlene V. Smith,F
2050,Xe Sands,F
2060,Julie Pandya,F
2061,Jodi Krangle,F
2062,Mindy H,F
2068,"Priya, India",F
2089,Martina,F
2090,Melissa,F
2092,Elaine Hamby,F
2100,Katherine Holt,F
2143,Cat Schirf,F
2148,BethAnne,F
2152,redabrus,F
2182,Susan Umpleby,F
2194,RobbieRogers,F
2196,Andrea Fiore,F
2230,Isosceles,F
2237,Chloey Winters,F
2254,Heidi Preuss,F
2256,tamurile,F
2269,Rhonda Federman,F
2270,Megan Kunkel,F
2275,Lori H,F
2276,Andrea,F
2288,Ellis Christoff,F
2297,Philippa,F
2301,Chris Jones,F
2312,Lucy Lo Faro,F
2339,skellie,F
2346,FirstKnight,F
2351,hugoceline,F
2361,M. J. Boyle,F
2364,Anna-Maria Viola,F
2374,M.C.Y.,F
2391,treefingers,F
2401,Matt Warzel,F
2416,Julia Albath,F
2445,musici123,F
2485,Serin,F
2487,Rachel Lintern,F
2488,Lisa Wilson,F
2498,B. Grebe,F
2504,Helen Elsbeth,F
2512,Marion,F
2522,senshisteph,F
2544,Annise,F
2553,daisy55,F
2568,Elena the Quiet,F
2570,kindlibrarian,F
2573,Becca B,F
2577,K Hindall,F
2587,Anne Cheng,F
2598,Barbara Bulkeley,F
2607,Ruth Golding,F
2638,Dawn,F
2652,MixieArmadillo,F
2671,Foreign Girl,F
2676,missizii,F
2691,Donna Stewart,F
2694,DianaJMB,F
2712,anoldfashiongirl,F
2730,Shirley Anderson,F
2735,ASchindler,F
2741,Jan Dawn Doronila,F
2748,Annoying Twit,F
2754,peaceuntoyou,F
2762,Phillipa Chantry,F
2764,Piper Hale,F
2775,ink tree,F
2785,humeangel,F
2817,Catherine Millward,F
2834,Ksushi,F
2836,Linda McDaniel,F
2853,Jane Greensmith,F
2882,ayngelwing,F
2895,Jenny Lundak,F
2909,Petra,F
2910,Janna,F
2919,Raerity,F
2920,Rechelle,F
2925,Darla,F
2943,Sarah Gutierrez,F
2967,Landii,F
2975,Sarafina Suransky,F
2979,Jilliane Brandt,F
2988,Larissa Little,F
2989,"Jamie Strassenburg, Cypress, California",F
2997,Violet,F
3003,Sue Anderson,F
3006,MorganScorpion,F
3008,Gloria Zbilicki,F
3025,MichelleHarris,F
3033,valli,F
3046,Stephanie Land,F
3053,Tracy Yonemoto,F
3079,nivedita,F
3090,kelcymx,F
3094,moe,F
3112,Jessica Louise,F
3119,Sharon Riskedahl,F
3125,Fran,F
3138,Labyrinth Composer,F
3143,suzanne,F
3157,TriciaG,F
3172,Beatrice,F
3179,Robin,F
3196,Elizabeth Harker,F
3215,Shirley Ellen,F
3224,Acacia Wood,F
3227,Betina,F
3235,Karen Commins,F
3244,wilwarin,F
3245,wendy,F
3258,mwalimu,F
3259,Kate West,F
3290,Marian Martin,F
3314,Carol Stripling,F
3318,Magdalena,F
3319,mjbrichant,F
3334,joi,F
3346,Hannah Dowell,F
3356,Diana Solomon,F
3357,swade,F
3361,Linda Lee Paquet,F
3379,Kele,F
3380,DrBeccaAnne,F
3394,Jackie Provau,F
3400,Laura Davis,F
3409,Philippa Brodie,F
3411,SuD,F
3440,Heidi Will,F
3446,kayo,F
3465,ravenotation,F
3467,js392,F
3479,Karan Yamada,F
3482,Hayden,F
3500,B. Treadgold,F
3513,Symmie,F
3526,Bereni,F
3537,Tracy Datlen,F
3546,Jeannie,F
3551,Annie Kirkpatrick,F
3554,"LaraC, Louisville, KY",F
3557,Rachel Triska,F
3559,Kerry Hiles,F
3564,Vanessa,F
3584,Bridget Gaige,F
3588,Neeru Iyer,F
3598,Dawn,F
3630,Rachel Gatwood,F
3638,AmyG,F
3641,Joelle Peebles,F
3645,MaryAnn,F
3647,Channe,F
3675,Linda Ferguson,F
3679,veronasser,F
3681,Ann Boulais,F
3698,Nadine Eckert-Boulet,F
3703,Linda Andrus,F
3728,amycs,F
3733,Melanie Schleeter McCalmont,F
3738,Collee McKinnon,F
3757,EmAllise,F
3779,Rachel Steely,F
3781,Celena Arter,F
3798,Bianca Kramer,F
3843,storm,F
3848,skoval,F
3851,mbousquet,F
3852,selniff,F
3867,Roberta Carlisle,F
3876,Frances Marcinkiewicz,F
3879,Keneva,F
3885,Elli,F
3905,J. Rebecca Franklin,F
3906,tabithat,F
3909,Evelyn Clarke,F
3911,Joseph Couves,F
3922,Ashley Candland,F
3925,Viglione,F
3926,Denise Lacey,F
3928,Marianne Coleman-Hipkins,F
3934,Lynne Carroll,F
3947,johnell,F
3969,CM Slosson,F
3972,Joy Easton,F
3979,Dale A. Bade,F
3982,Kate Adams,F
3983,lavocedorata,F
3990,Jessi,F
3992,perpetualdreamworld,F
3994,Miriam Esther Goldman,F
4005,Jhiu,F
4009,Diana Majlinger,F
4021,Linda Woods,F
4034,Sienna,F
4044,serenitylee,F
4051,Liz Devens,F
4057,RoseA,F
4063,Abigail Bartels,F
4064,Margaret Espaillat,F
4071,Nichelle von Lauder,F
4088,Blazin48,F
4090,madmouth,F
4098,Rachell Lovett,F
4104,Linda Dodge,F
4111,Rachel P.,F
4137,Sarah LuAnn,F
4138,daltongirl,F
4145,Patti Cunningham,F
4156,Caroline Shapiro,F
4160,Rosie,F
4174,Availle,F
4189,Megan Argo,F
4192,MaryModern,F
4195,bj,F
4211,A. Knight,F
4214,A. Janelle Risa,F
4216,Hannah Skoonberg,F
4225,gmiteva,F
4234,laineyben,F
4235,Haylayer Flaga,F
4238,Chela,F
4262,LoraBeth Davis,F
4263,Chelsea Baker,F
4273,as101,F
4280,BB,F
4297,Tina Horning,F
4305,Aspergine,F
4310,grace4him,F
4313,May Low,F
4321,Xenutia,F
4327,brokenaltar,F
4331,Barbara Clements,F
4340,kiwafruit,F
4352,Martina Hutchins,F
4356,Patricia Rutledge,F
4362,Michelle Montano,F
4363,Emily Livingston,F
4381,Denise Resnik,F
4396,Michael Wolf,F
4411,Zarnaz,F
4415,Anita Fleming,F
4422,Kamna,F
4427,Lynne Handler,F
4434,Sarah Nuxoll,F
4443,THOVO,F
4455,Patrick Wells,F
4463,Cate Mackenzie,F
4481,margo zinberg,F
4487,Nienke,F
4490,Rachel Weaver,F
4492,P.Hynes,F
4511,Jeanie,F
4513,Gabi,F
4519,Mimi Wang,F
4520,Dorlene Kaplan,F
4546,Estelle Jobson,F
4549,Kristen Zaza,F
4563,Wiebke,F
4576,Snaefaxi,F
4592,WestWestest,F
4598,cher0520,F
4640,Karen Mason,F
4652,Savanna Herrold,F
4660,SusieSA,F
4667,Maria Therese,F
4680,pachayes,F
4697,Jannie Meisberger,F
4703,HurstPP,F
4706,SallyMc,F
4712,Alisson Veldhuis,F
4731,Becky Cook,F
4742,Little Tee,F
4744,Amy Gramour,F
4757,Grace Dobson,F
4766,Melanie,F
4773,Kathryn Lois,F
4779,Angel5,F
4791,MelanieMae,F
4800,Mary Herndon Bell,F
4824,meyerli,F
4837,Sharon Kilmer,F
4841,Haley Pereira,F
4846,Kathrin Salazar,F
4853,Barbara Derksen,F
4899,Theresa L. Downey,F
4910,Amanda Martin Sandino,F
4926,browneyedgirl32382,F
4936,jedopi,F
4959,Piper Hayes,F
4964,rashada,F
4965,Rachel Craig,F
4991,Jacqueline (Jacqui) Grady,F
5000,Anna-Lisa Ott,F
5005,pinhsien,F
5007,Kathleen Nelson,F
5019,Sandra Estenson,F
5022,Kathleen Costa,F
5023,Elizabeth Zaranka,F
5029,Courtney Sandhu,F
5036,NicolaRuth,F
5039,Inga Parsons,F
5044,Andrea Keene,F
5045,Mounica,F
5054,Denice Stradling,F
5060,Linda Moreau,F
5062,E Ogston,F
5077,Sandra G,F
5082,SummerWind,F
5093,Nicole Kay,F
5101,E.Lee,F
5115,Terry Goodyer,F
5133,Jo Karabasz,F
5136,Felicity C,F
5154,Danarra,F
5163,LilyAnne,F
5164,Vsilverlining,F
5199,Diana Fast,F
5217,Anqi Wang,F
5220,Mary Schneider,F
5230,Aubrey Anne,F
5233,summerdaze,F
5244,Carolin Ksr,F
5269,Elizabeth Barr,F
5271,Amanda,F
5285,Sweetlilbirdy,F
5287,adsum iam,F
5290,Natalie,F
5296,Joselyn Hasty,F
5299,Becky Doughty,F
5337,Danielle,F
5339,Lauren McCullough,F
5340,Mary-Beth Blackburn,F
5350,Cath Garde,F
5355,Carrie Heyes,F
5361,scarlettraces,F
5375,BumbleVee,F
5393,Amy Hengst,F
5400,Natalie Sullivan,F
5405,Anka,F
5412,tommybascue,F
5424,Julia Niedermaier,F
5439,Laine S.,F
5445,Liz DeLassus,F
5468,ashleighjane,F
5471,ElleyKat,F
5480,ESFJ Girl,F
5487,Michaela O'Connor,F
5514,Ella Jane Quentin,F
5538,Linda Velwest,F
5561,Ellen Jones,F
5569,Beth Hitesman,F
5583,Claudia Wilson,F
5604,kittyandcheese,F
5606,PrincessG,F
5636,Joyce Couch,F
5649,hazelra,F
5652,amicrazy2u,F
5653,Kimberly Anderson,F
5660,hollz,F
5661,Dianne Lanning,F
5665,Lynda Sizemore,F
5671,Trihypoo,F
5682,Lmwong,F
5684,Elsa Youngsteadt,F
5688,Jennifer Dionne,F
5720,Thelma Meyer,F
5723,Linda Hogan,F
5724,paintgirl,F
5725,doublemirrors,F
5733,Spinhop,F
5735,Filipa,F
5740,Alisa,F
5756,Mich_elle,F
5778,Laura Victoria,F
5789,Kirsten Wever,F
5796,Linette Geisel,F
5809,kattekliek,F
5825,Vira Denton,F
5831,Kirsty Leishman,F
5837,Debbie Pieterse,F
5860,J L Raimundo,F
5867,Sharon Omi,F
5876,kelleywyskiel,F
5890,GabrielleC,F
5893,Elizabeth Fiedler,F
5906,Lily-LLM,F
5929,Gryphon Perkins,F
5949,debolee,F
5952,sherlock85,F
5968,Cate Barratt,F
5980,Nichole Thompson,F
5983,Katew,F
6000,MissRose,F
6006,Stephanie Lee,F
6014,Tina Nuzzi,F
6025,Lonelle Yoder,F
6030,Shiromi,F
6064,Deborah Knight,F
6072,CrowGirl,F
6078,dobsonfly,F
6087,Caroline Driggs,F
6088,burk,F
6099,Cheri Gardner,F
6102,Rachel Bossier,F
6106,Ruth Kidson,F
6111,Jill Preston,F
6120,Terra Mendoza,F
6121,Imagine,F
6127,Andee,F
6131,Malane,F
6135,Spike Holcomb,F
6138,Deborah Brabyn,F
6139,Lois C. Johnson,F
6145,Madeleine Brook,F
6147,Liberty Stump,F
6153,anjieliu,F
6173,Carol Box,F
6178,alegriavida,F
6188,Roxanna Nazari,F
6211,Caeliveres,F
6227,EliMarieHK,F
6233,Gen Jones,F
6235,ReadWriteLib,F
6242,Lucinda Gainey,F
6251,Theresa Sheridan,F
6254,Chelsea S.,F
6272,jlenardon,F
6281,Beth Thomas,F
6284,cklee,F
6286,Wendy Almeida,F
6288,Sunni West,F
6300,Sarah Crampton,F
6308,Easton,F
6317,Sarah K,F
6324,Barbara E. McCarthy,F
6332,Kelli England,F
6339,Michelle Remington,F
6351,C. L. W. Rollins,F
6352,stmacduff,F
6353,Jennifer Randall,F
6358,selway,F
6378,Michelle Day,F
6385,Novella Serena,F
6391,polkadotish,F
6406,Abigail Rasmussen,F
6411,Feyaza,F
6415,Daryl Wor,F
6476,Viridian,F
6484,ilianthe,F
6488,Kendall Ashyby,F
6505,Elena,F
6513,Susan de Raadt,F
6531,janesandberg,F
6534,Helen Falconer,F
6548,Kristin Gjerlw,F
6549,Sandra Luna,F
6557,Tika Sabu,F
6567,vikvenom,F
6568,Heather Hamtil,F
6583,NastassiaS,F
6590,Marea Brook,F
6594,Amelia Chantarotwong,F
6610,sylly,F
6614,Veronica Schlette,F
6620,Amy Koenig,F
6627,Amber Hamilton,F
6637,Christine Nendza,F
6643,cbooren,F
6660,Nicole Lee,F
6673,Jenna Lanman,F
6676,Chill28,F
6689,Tiffany Halla Colonna,F
6695,Linda Fredericks,F
6705,D. A. Frank,F
6724,Kristin Young,F
6726,metgmz,F
6733,Snapdragon,F
6735,fshort,F
6741,Sharon C.,F
6749,MaryA,F
6758,The Gypsy,F
6788,Pamela Krantz,F
6794,Rachel Moyar,F
6807,Lisa Caputo,F
6818,beckyboyd,F
6821,Rholdah,F
6853,J. McKnight,F
6865,Jing Li,F
6895,Reeses118,F
6902,Barbara Edelman,F
6906,Joanna1,F
6913,daisyb,F
6914,Katalina Watt,F
6918,Marilyn Mack,F
6924,Rapunzelina,F
6927,Sarika Pawar,F
6943,Chieko Steely,F
6947,Grace,F
6950,elmay,F
6951,redhed3095,F
6967,sganatra81,F
6978,Debra,F
7001,Arienne,F
7012,Erin McKelle,F
7026,Michele Eaton,F
7059,Joannemmp,F
7062,Rebecca Thomas,F
7073,Jill Janovetz,F
7078,Mary in Arkansas,F
7079,Chuck Williamson,F
7092,Lorraine B,F
7097,novelreader,F
7113,Sukaina Jaffer,F
7117,Art Leung,F
7125,Peggy,F
7131,Eden Rea-Hedrick,F
7135,Maggie Smallwood,F
7138,CaprishaPage,F
7143,Minni Ang,F
7148,Vickie Ranz,F
7177,shana,F
7178,J.K. Neely,F
7197,Christine Richardson,F
7198,Daniela Austin,F
7199,T.K. Kirven,F
7205,genierose,F
7218,MJ Franck,F
7220,LynnAlison,F
7223,eye hear voices,F
7229,Linda Ciano,F
7240,Lucretia B.,F
7242,Renate,F
7245,Laura Atkinson,F
7246,Lyn Silva,F
7250,A. J. Elliot,F
7255,Jendia,F
7263,rachaelg,F
7265,Annie,F
7277,Jenny Bradshaw,F
7285,Christina M. Glavas,F
7286,kindfish,F
7299,Barbara Miller,F
7302,Asta1234,F
7315,Charlotte Duckett,F
7320,Monika Rolley,F
7331,AnabelleC,F
7333,Lydia Paterson,F
7337,Adina Owen,F
7342,Carol,F
7348,acousticwave,F
7360,Caroline Hemmerly Kunkle,F
7376,Nyssa E. Schmidt,F
7383,Meg Cowan,F
7387,Tara Dow,F
7392,MicheleW,F
7395,Katherine,F
7398,Marie Daum,F
7416,Jeanni Hall,F
7433,Gabriela Cowan,F
7445,Emily Anderson,F
7467,freshface,F
7480,Tricia F.,F
7491,Lilaread,F
7492,Scheherazade,F
7495,Arlene Joyce,F
7498,MarianneVictoria,F
7507,UnaVersal,F
7510,Kathrine Engan,F
7511,Sherri Vance,F
7514,Barbara Baker,F
7515,Cynthia Moyer,F
7517,Raz Mason,F
7522,Kelsey P,F
7525,Jeannie Tirado,F
7552,KateC,F
7555,Suebee,F
7584,kandice stehlik,F
7594,Kristel Tretter,F
7597,Inah Derby,F
7607,C F de Rosset,F
7609,detroitreads,F
7635,Judy Guinan,F
7644,Raphael Platt,F
7649,Lanerd,F
7657,shalclark,F
7679,Libby Gohn,F
7683,Carolyne,F
7687,Demosthenes,F
7699,DylanTG,F
7702,Linda Jenner,F
7708,Savannah,F
7717,Astrid Fingerhut,F
7733,Jewel Raquel,F
7737,Elisabeth Sollog,F
7739,Melissa Burns-Price,F
7752,Samantha Miles,F
7756,Lynne Thompson,F
7762,Fannie,F
7766,Maryanka,F
7780,tazzle,F
7789,Lauren Jane,F
7794,mlcui,F
7800,Arie,F
7802,Samantha J Gubitz,F
7816,Stefanie Heinrichs,F
7839,Loveday,F
7843,Annette McGuinness,F
7859,xinamarieuhl,F
7879,deongines,F
7883,Annapurna,F
7886,Mariah Lyons,F
7892,Alexis Castro,F
7898,Coreena,F
7925,Etel Buss,F
7932,Tammy Stalcup,F
7945,Lois Browne,F
7946,Flash,F
7959,Lily Took,F
7962,Jolie O'Dell,F
7967,Lois Hill,F
8005,Julia Wells,F
8009,Frances Brown,F
8012,WoollyBee,F
8014,constatine,F
8015,Underhill,F
8040,NatalieOram,F
8044,Sarah Hannah,F
8051,Maria Kasper,F
8057,Linda Dougherty,F
8071,Vanessa Garcia,F
8072,Kimberly Krause,F
8075,Melora,F
8080,e.a.zokaites,F
8097,lewildesen,F
8112,Christine Lamberton,F
8118,Katie McClain,F
8123,Sheila Wood,F
8148,Xiph,F
8156,Brooke Cunningham,F
8163,Greengecko,F
8168,Kiera Davidson,F
8180,Elanor Sakamoto,F
8183,Cheri Jordan,F
8190,Lisa Phelps Gonzalez,F
8193,helengraves,F
8194,MsMO,F
8197,Victoria P,F
8199,maryagneskatherine,F
8228,hgal2010,F
8238,Madam Fickle,F
8240,Gertrude Durette,F
8242,Anita Slusser,F
8259,Lawrence,F
8272,Haili,F
8295,Susan Morin,F
8296,Bria Snow,F
8300,Judith Parker,F
8302,Charlotte Day,F
8312,Jaimie Noy,F
8321,SamR,F
8324,Kathy Wright,F
8329,Betty Perry,F
8337,Claudia Salto,F
8382,Claire Schreuder,F
8388,Jacki Horn,F
8392,Katharina Huang,F
8410,Shauna Kennett,F
8414,jtueller,F
8415,Rusty Dancer,F
8421,Jackie Drown,F
8424,Schums,F
8430,shihping,F
8432,Emma Joyce,F
8441,ryoko,F
8443,Marsha Payne,F
8447,Anastasiia Solokha,F
8465,TinaNygard2,F
8468,Jennifer Dorr,F
8470,Rebecca Braunert-Plunkett,F
8476,Julie Mansius,F
8506,Denise Nordell,F
8543,luckyemma,F
8544,Pooja DSr,F
8545,Joanne Rochon,F
8573,Paige G,F
8591,Jude Somers,F
8625,Ellen Preckel,F
8644,Eenae,F
8664,Pam Castille,F
8677,KHand,F
8678,Amy,F
8684,Alison Stewart,F
8699,Jessica Atha,F
8722,Emily Maynard,F
8776,Taliesin,F
8778,Francoise,F
8825,Erin Schellhase,F
8846,MariaS,F
8867,sorbet87,F
8897,beyondutopia,F
8975,Daisy Flaim,F
9022,Claire M,F
9136,Helen Taylor,F
11614,Sylviamb,F
11697,Celine Major,F
12787,LikeManyWaters,F
