25,John Gonzalez,M
26,Denny Sayers,M
27,Sean McKinley,M
29,Linton,M
31,Martin Clifton,M
36,Chip,M
37,wolvrin,M
38,R. Francis Smith,M
46,Aaron Hochwimmer,M
49,vrk74,M
51,rakkar,M
55,David Jaquay,M
58,George Coutts,M
60,CBW Simon,M
62,Faris,M
66,Alex Foster,M
70,Kurt Copeland,M
75,Jim Mowatt,M
78,Hugh McGuire,M
81,Aaron Decker,M
85,David Leaman,M
90,Dan Threetrees,M
91,Stephan Mobius,M
94,David Barnes,M
101,paulino,M
107,John Greenman,M
118,Alex Buie,M
119,Alex Patterson,M
122,J.C.,M
127,John Hicken,M
128,ML Cohen,M
133,Mick,M
147,Thomas Hoover,M
152,Andy Minter,M
153,Graham Williams,M
154,Robert Foster,M
159,hugh mac,M
161,"Cyril Law, Jr.",M
163,Andrew Miller,M
167,Peter Yearsley,M
168,Chris Goringe,M
176,Vinny Bove,M
196,Stewart Wills,M
201,Joplin James,M
204,Mark F. Smith,M
207,Kevin McAsh,M
210,Aldark,M
218,Kelly Clear,M
229,carnright,M
231,Sean McGaughey,M
233,Steve Karafit,M
240,Shurtagal,M
245,Peter of Buckinghamshire England,M
249,pww214,M
252,Rainer,M
253,Stefan Schmelz,M
254,Alan Davis Drake (1945-2010),M
255,Chris Hawk,M
258,Kurt Wong,M
263,Michael Sirois,M
264,Chris Hughes,M
265,Janice,M
272,Mr. Baby Man,M
273,Jim Cadwell,M
283,Asaf Bartov,M
303,Tony Hightower,M
307,Randy Phillips,M
311,deadwhitemales,M
317,Mike Gardom,M
319,Ed Good,M
331,Richard Grove,M
332,Aaron Teiser,M
335,Paul Harvey,M
336,Harvey Chinn,M
340,Scott Henkel,M
345,Micah Sheppard,M
348,ianish,M
353,Jamey Osborne,M
365,Jon Ingram,M
369,Kevin Readdean,M
374,kumarei,M
377,Lenny Glionna Jr.,M
398,James Smith,M
405,Eric Dennison,M
409,Mike Kauffmann,M
412,Brian Roberg,M
413,Daniel Watkins,M
421,Patrick,M
428,Rayburn Beale,M
432,Steve Andersen,M
439,Robert Garrison,M
446,Steve Hartzog,M
453,Glen Hallstrom,M
454,Tom Yates,M
458,Scott Splavec,M
459,Mark Bradford,M
460,Dave Ranson,M
470,Chris Chapman,M
474,Zachary Brewster-Geisz,M
475,Jason X.,M
476,Chuck Spann,M
480,Chris Vee,M
481,Neal Foley,M
497,audiotoshokan,M
505,Menno,M
517,Matthew Walton,M
542,J. Hall,M
544,bozgeez,M
551,Guntar,M
557,fieldsofgold,M
567,Aaron Benedict,M
568,JD Weber,M
569,Frank,M
572,Rebecca Dittman,M
580,Ryan,M
581,C. Berrius,M
583,Russ Maxwell,M
593,Eric S. Piotrowski,M
594,KentF,M
613,D.E. Wittkower,M
622,Andrew Lebrun,M
625,toriasuncle,M
637,Michael Scherer,M
639,Robert Beach,M
644,Daniele,M
663,Bruce Stafford,M
679,rhodian,M
708,Kevin Devine,M
711,Roy Schreiber,M
712,Michael Shook,M
716,martyd,M
718,clarknova,M
720,Peter Gallagher,M
726,Paul,M
727,Andrew Richards,M
728,Eric Connover,M
737,Roger W. Barnett,M
742,Peter Groom,M
753,Tim Bulkeley,M
766,Jean Crevier,M
770,Justin S Barrett,M
778,Branko Collin,M
779,Greg,M
780,Lloyd Davis,M
781,Mitchell Dwyer,M
791,Ivan,M
797,Mike Shapiro,M
803,Greg Elmensdorp,M
807,Luke Venediger,M
810,Joseph Loverti,M
815,mawrtea,M
816,Jeff Robinson,M
820,Scoot,M
826,Thomas Wells,M
831,Nick Gallant,M
836,Kevin LaVergne,M
839,rovert405,M
845,DaveF,M
846,Anadaxis_Canejia,M
850,tonypettit,M
851,brenthumphries,M
868,Mike Rosenlof,M
884,sayeth,M
886,Paul S. Jenkins,M
895,Max Porter Zasada,M
909,Greg Bryant,M
911,frankjf,M
915,Ted Kaouk,M
921,Brian J. Callaghan,M
922,Steven H. Wilson,M
927,Nerijus,M
949,ontheroad,M
957,iscatel,M
964,Paul Sze,M
969,Czechchris,M
978,Rick Box,M
982,Mike Roop,M
984,J A Carter,M
985,George Pilling,M
986,Michael Kirkpatrick,M
1018,JimmyLogan,M
1025,rdmagpie,M
1027,Brooks Jensen,M
1028,Tim Lundeen,M
1034,Kevin O'Coin,M
1040,John Garvin,M
1046,durnburr,M
1049,Sam Fold,M
1058,James Tiley,M
1065,Justin Brett,M
1081,Fracture,M
1085,hefyd,M
1094,tubeyes,M
1096,Geoff Dugwyler,M
1097,Euthymius,M
1107,Jason Oakley,M
1110,Graeme Jolliffe,M
1112,RedToby,M
1121,John Lieder,M
1132,Giles Baker,M
1160,Gary Gilberd,M
1161,Dominic Moore,M
1165,Bob Graff,M
1175,Brother Patrick,M
1179,Alan Chant,M
1182,Brett Condron,M
1184,Jeremy Pavier,M
1187,Paul Hansen,M
1200,hosmer_angel,M
1222,Joseph Ugoretz,M
1225,Chris Langston,M
1226,Russ Lemker,M
1230,Ian Skillen,M
1235,Tim Gregory,M
1239,Scott Robbins,M
1258,Mellors,M
1260,Chris Hughes,M
1261,Mans Broo,M
1265,Edward Elmer,M
1271,Christian Pecaut,M
1274,Larry Gilman,M
1280,Tim Makarios,M
1283,Paul Siegel,M
1311,Scott D. Farquhar,M
1313,Scott Sherris,M
1323,Leon Mire,M
1331,Adrian Praetzellis,M
1334,John Schell,M
1336,Charlie Blakemore,M
1341,Coastalbloke,M
1347,Ted Nugent,M
1349,John Pruden,M
1353,Clarke Bell,M
1355,Chris Gladis,M
1365,Joel Poortenga,M
1367,Joe Brenneman,M
1374,Graham Thomsen,M
1379,Ken Crooker,M
1384,Stephen Lamb,M
1387,Scott Mather,M
1392,Chris Masterson,M
1403,tipaew,M
1430,Alok Karulkar,M
1444,Ryan Mease,M
1445,Michael Yard,M
1455,webslog,M
1469,Fr. Richard Zeile of Detroit,M
1485,Robert Flach,M
1487,radioreader,M
1492,mb,M
1494,"George Deprez, PhD",M
1495,Glendower Jones,M
1505,Mark Norman,M
1513,Simon-Peter Zak,M
1535,Robert Scott,M
1536,Marco,M
1552,Roger Turnau,M
1556,geofred,M
1559,Luke Harrison,M
1571,Bob Tassinari,M
1572,Alan Clare,M
1594,Jon Scott Jones,M
1595,Riccardo Fasol,M
1601,Michael Yourshaw,M
1603,Arouet,M
1607,Claude Banta,M
1614,FNH,M
1618,Nicholas James Bridgewater,M
1621,Caliban,M
1624,Daniel Shorten,M
1639,Joe Konno,M
1643,Chris Leslie-Hynan,M
1645,David Shamp,M
1646,Ben Cobbett,M
1647,Rich Meyers,M
1685,Jonathan Horniblow,M
1699,Gavin Smith,M
1708,Alaaious,M
1743,Bryan Ness,M
1746,Theo Bacher,M
1748,Brad Powers,M
1769,ej,M
1772,David A. Stokely,M
1777,Professor Chronotis,M
1780,Micah,M
1789,Vin Reilly,M
1795,Muhammad Mussnoon,M
1801,Antonio,M
1811,Eric Ray,M
1815,Aringguth,M
1826,Jacob Miller,M
1828,James Gladwin,M
1844,noonday,M
1846,valikojohn,M
1849,Kelly Dougherty,M
1867,Rowdy Delaney,M
1868,Graham Redman,M
1870,Stuart Bell,M
1874,Ernst Schnell,M
1878,BLRossow,M
1903,Michael Thomas Robinson,M
1913,Geoff Cowgill,M
1924,Andrew Drinkwater,M
1938,icyjumbo (1964-2010),M
1943,Corun,M
1985,Jonny Lee,M
1987,Michael Macedonia,M
1989,Sergio Baldelli,M
2001,Phillip David,M
2002,Larry Maddocks,M
2003,The Penang Lawyer,M
2012,jburby,M
2013,Mark,M
2021,Keri Ford,M
2039,Anton,M
2046,kyleti,M
2051,Grant Petersen,M
2063,hearhis,M
2067,Nick Gisburne,M
2096,Nick Marsh,M
2104,R. S. Steinberg,M
2110,Aaron Elliott,M
2113,Andrew Vidal,M
2122,Kenneth R. Morefield,M
2127,wrongshore,M
2133,Mat Messerschmidt,M
2136,Great Plains,M
2140,Ralph Snelson,M
2149,Mark Penfold,M
2156,Roger Melin,M
2159,Matthew Westra,M
2167,spiderman0521,M
2185,Jonathan Feldman,M
2195,Joe Earley,M
2198,Clive Catterall,M
2208,Alan Brown,M
2229,"Pete Williams, Pittsburgh, PA",M
2234,Lars Rolander,M
2238,Will Larson,M
2240,Ralph Volpi,M
2246,RaySee,M
2262,Andy,M
2272,Alec Daitsman,M
2273,Peter Kelleher,M
2279,Gilles Lehoux,M
2284,Zapo,M
2289,David Kleparek,M
2292,Dick Durette,M
2294,James Christopher,M
2299,cpalmer17,M
2309,Wyatt,M
2319,Jack Farrell,M
2341,webround,M
2356,Paul Curran,M
2368,Alex C. Telander,M
2380,Jacob Cherry,M
2384,Ger,M
2393,Michael Bradford,M
2397,texttalker,M
2404,n8evv,M
2405,musil,M
2407,ajmacbeth,M
2436,Seth Adam Sher,M
2437,Wetcoast,M
2448,David Federman,M
2491,johnb,M
2494,Mark Cawley,M
2496,Ben Dutton,M
2499,Paul Henry Tremblay,M
2514,S. Young,M
2517,Gayland Darnell,M
2518,Rob Powell,M
2526,Bob Gilham,M
2531,Greg Weeks,M
2541,Eddie Winter,M
2545,the quiet fox,M
2552,Daniel Cranston,M
2574,TimSC,M
2588,Padraig O'hIceadha,M
2589,Jordan,M
2606,Marc Tanti,M
2624,David Nicol,M
2628,Zloot,M
2654,Notelrac,M
2660,mpetranech,M
2673,jude kaider,M
2674,Jason Procopio,M
2724,Michael Dalling,M
2733,CalmDragon,M
2740,Tony Ashworth,M
2769,Anthony Wilson,M
2787,Quentin Manuel,M
2812,Greg Hartley,M
2825,Ernst Pattynama,M
2827,David Leeson,M
2843,ricell,M
2854,Andrew Coleman,M
2893,Ryan Sutter,M
2911,David Lawrence,M
2930,BUAES,M
2946,Markus Wachenheim,M
2952,Scott Carpenter,M
2960,Scotty,M
2971,Matthew C. Heckel,M
2985,Cantor,M
2990,Tom Crawford,M
2992,davechase,M
2998,Kim Jansen,M
2999,Joseph Finkberg,M
3020,Mike Vendetti,M
3021,leetcr,M
3045,Cameron Conaway,M
3054,GerryR,M
3060,Didier,M
3063,markman,M
3082,Logan McCamon,M
3088,Sean O'Hara,M
3097,nitram,M
3098,woggy298,M
3100,David Higham,M
3105,gfairch511,M
3109,Diogenes Dog,M
3114,Geoffrey Edwards,M
3118,George Yeager,M
3132,Andy Yu,M
3135,Steve Foreman,M
3137,Parrot,M
3142,RogerA,M
3144,jfmarchini,M
3148,artos,M
3168,David Anton,M
3180,Mike Conrad,M
3192,Arfuhrm,M
3214,fourteatoo,M
3230,rasputin,M
3238,nihilist00,M
3240,flakker,M
3242,peac,M
3257,Jay Vance,M
3261,fourgrays,M
3268,Patrick McHaffie,M
3271,Ancient mariner,M
3272,Matthew_J_Almeida,M
3274,Morgan Saletta,M
3285,David Collins,M
3288,Euan Bayliss,M
3289,lukeprog,M
3307,Doug Allison,M
3340,Preston McConkie,M
3370,Glenn Simonsen,M
3373,cvd,M
3374,Craig Campbell,M
3381,Cagliostro,M
3389,von,M
3417,Albatross,M
3433,Bob Sherman,M
3436,Anders Lankford,M
3448,Todd Lennon,M
3470,Jason Mills,M
3486,Robin Balmer,M
3488,Tom Weiss,M
3490,Gregg Margarite (1957-2012),M
3503,Christian Al-Kadi,M
3521,NickNumber,M
3541,Termin Dyan,M
3547,BenW,M
3553,Luc Kordas,M
3567,David Lazarus,M
3571,HarryInk,M
3587,John Nixon,M
3592,Paul McCartan,M
3595,Martin Geeson,M
3606,Ashwath Ganesan,M
3607,Richard Wallis,M
3618,Timothy Ferguson,M
3650,Jonathan Ross,M
3654,Mark Wilson,M
3656,Kai Lu,M
3657,Bellona Times,M
3664,Barry Eads,M
3665,C.J. Casey,M
3691,Hollis Hanover,M
3699,Bruce Pirie,M
3723,Kevin Lavin,M
3744,Jonathan Burchard,M
3747,Keith Henige,M
3780,Pete,M
3783,TexasSteve,M
3793,Nathan,M
3796,Mario Pineda,M
3807,Jesse Noar,M
3819,StarrDog,M
3830,rymd80,M
3835,M.White,M
3845,Ray Smith,M
3857,Epistomolus,M
3864,Tom Watts,M
3866,SilverG,M
3869,Timothy Pinkham,M
3871,Figura,M
3894,Indy Gosal,M
3895,porlob,M
3896,Will Zufall,M
3912,Bob Neufeld,M
3923,Sean Michael Hogan,M
3945,Floyd Wilde,M
3955,Fredrik Karlsson,M
3959,rjhargrav,M
3962,writerboyontour,M
3977,LivelyHive,M
4010,David Baldwin,M
4013,Kevin Maxson,M
4014,Tom Clifton,M
4015,JimOCR,M
4017,gsolgaard,M
4018,Nicholas Clifford,M
4019,brrrrrr6,M
4020,Linda,M
4039,Shawn Craig Smith,M
4042,Ryan DeRamos,M
4054,Ryan Gubele,M
4059,Troy Bond,M
4078,Richard Kilmer,M
4085,Paul P Miller,M
4108,garymacf,M
4110,Richard Ellwood,M
4122,Wendel Topper,M
4152,Ata Khudayberdiev,M
4161,Daniel Paashaus,M
4172,Graeme Dunlop,M
4179,Robert Keiper,M
4191,Grant Hurlock,M
4193,Ethan Rampton,M
4196,Jim Clevenger,M
4205,psi_mon,M
4217,Brendan Tannam,M
4218,David Cole,M
4243,Ian Grae,M
4257,garbageman99,M
4267,Ric F,M
4277,JohanG,M
4295,Slawek,M
4335,davidb,M
4344,Tadhg,M
4345,Richard Schipper,M
4379,Scott Dahlem,M
4397,John Dennison,M
4402,Christopher Sanner,M
4406,Matthew Scott Surprenant,M
4407,Ted Drury,M
4420,Steve Lomas,M
4423,David Dwight,M
4428,Blueoyster101,M
4433,Ken Sterry,M
4441,William Peck,M
4442,Pep,M
4447,Cascades,M
4474,John L. Clark,M
4480,Iskander Shafikov,M
4484,Phil Griffiths,M
4495,Dillon Stiles,M
4535,Brett W. Downey,M
4545,SunshinePaul,M
4583,Jersey City Frankie,M
4586,Chris Caron,M
4591,Robert White,M
4594,mailman61953,M
4599,xibu,M
4659,Stephen Marsh,M
4681,Frank Adams,M
4687,mevans,M
4693,Robert Parker,M
4699,Jason Justice,M
4701,CC,M
4705,Algy Pug,M
4710,David Huston,M
4719,M. Craun,M
4738,Leonard Wilson,M
4741,Nullifidian,M
4748,Dirk Eichhorn,M
4750,Paul Huckerby,M
4767,Delysid,M
4771,scrawl,M
4788,Bill Boerst,M
4799,Matt Judd,M
4806,Jason Ingolfsland,M
4813,Steve Mattern,M
4821,Zachary Johnson,M
4830,George Aalto,M
4836,Preston Scrape,M
4848,Dee Wykoff,M
4854,Doctor_wu,M
4859,nathank,M
4860,Jonah Cummings,M
4863,I M CLIFFORD,M
4872,R E Faust,M
4894,Gary Dzierlenga,M
4898,greatbasinrain,M
4915,Andrew Bowles,M
4930,Adrian Levitsky,M
4931,KevS,M
4948,Tom Barron,M
4955,Elwood Mott,M
4958,David P. Sroka,M
4969,Garth Burton,M
4973,Michael Lipschultz,M
4979,Eric,M
4993,BillMac,M
5002,Brendan Stallard,M
5009,Michael Reuss,M
5013,Joseph Dsouza,M
5038,John Kooz,M
5043,edbucks,M
5049,Bradley Smith,M
5076,Jules Hawryluk,M
5092,Josh Smith,M
5104,Chuck Burke,M
5118,klbonds,M
5123,wvthcomp,M
5132,David Stryker,M
5141,David Goldfarb,M
5147,Cody2,M
5152,Liam Neely,M
5157,drewmac,M
5172,Equilibrium33,M
5181,Joel Nisbet,M
5183,Kenneth Sergeant Gaghan,M
5185,okei,M
5186,Brendan Brown,M
5189,Samanem,M
5190,Rom Maczka,M
5192,Jason Esteves,M
5198,Brian,M
5224,Matt Soar,M
5239,compozr,M
5242,Michael Monhollon,M
5245,Dymmesdale,M
5246,Mike Bloomfield,M
5248,Don Stirno,M
5252,Michael Deng,M
5261,Ali Kazerani,M
5278,Mike Harris,M
5280,penboy7000,M
5293,Ned Troxel,M
5304,Don W. Jenkins,M
5321,Adam Whybray,M
5322,Jay Bidal,M
5325,Rory Lawton,M
5328,Nathan Jordan,M
5333,Robert Fletcher,M
5379,lennich,M
5386,Tim Ferreira,M
5389,Joseph Lawler,M
5390,Charles Bice,M
5401,Andrew Nelson,M
5429,Dennis Lane Pretoria,M
5456,e_scarab,M
5459,bryan.peterson,M
5460,Max Lindberg,M
5463,GLM,M
5506,Frank Booker,M
5513,David Callahan,M
5545,Gary Olman,M
5565,Ken Padgitt,M
5567,BStapley,M
5620,jerryB,M
5628,Adrian Wheal,M
5635,Matthew Reece,M
5641,Gerald Peter Morgan,M
5678,jgoffena,M
5700,Paul Adams,M
5703,Garth Comira,M
5717,Phil Chenevert,M
5719,John Fricker,M
5727,JDavidMoore,M
5746,DL Pead,M
5750,laurencetrask,M
5765,A. J. Carroll,M
5767,taijohn,M
5772,jessecoy,M
5776,Chris Pauley,M
5781,Parrot17,M
5784,Chris Donnelly,M
5791,croudy,M
5802,Christopher Maust,M
5808,jeandelfrio,M
5810,Patrick Reinhart,M
5826,Phineas Redux,M
5840,Dick Summerfield,M
5854,Gabriel Glenn,M
5874,Paul Andrews,M
5886,Simon Brown,M
5894,Paul Stephens,M
5909,Mark Mickelson,M
5910,Anthony Lee,M
5911,Paul C. Newman,M
5913,dmbrought,M
5914,bobbybrill,M
5933,Barry O'Neill,M
5935,Mike Okonek,M
5940,Gargoyle,M
5951,Stevan Simmons,M
5970,Larry Degala,M
5975,Tony Maxey,M
5977,Ken Felt,M
5979,Pentti Hirvonen,M
5993,garyday,M
6003,sparks0314,M
6009,AVG,M
6010,Ralph Kerwin,M
6019,DerekP,M
6035,Marty Kris,M
6051,Ric Cornwall,M
6060,Jonathan Lange,M
6065,David Olson,M
6076,Saethram,M
6077,Steve Belleguelle,M
6080,progressingamerica,M
6081,Lazuli,M
6084,Amallen,M
6097,Phil Benson,M
6098,Kancamagus,M
6119,Vinnie Tesla,M
6126,David Abbott,M
6159,Ted Garvin,M
6177,wminbru,M
6181,Mike,M
6184,Adam Tomkins,M
6196,Martin Gradwell,M
6199,bobolink,M
6209,deckerteach,M
6221,pwu909,M
6224,dave k,M
6232,Paul Denton,M
6248,Kevin Green,M
6249,Thomas A. Copeland,M
6276,dan_h,M
6294,humanode,M
6311,TRUEBRIT,M
6323,Caluminium,M
6330,David Cummings,M
6333,Max Korlinge,M
6346,Matthew Pagan,M
6356,John O,M
6364,Todd Ulbrich,M
6367,Vince Dee,M
6368,Marc Pizzuti,M
6370,Dan Craig,M
6377,Maxim Babich,M
6395,Richard Carpenter,M
6399,Edmund Bloxam,M
6402,Chiquito Crasto,M
6407,AdamH,M
6418,Iolo Jones,M
6436,Steve Mattingly,M
6437,John Hoerr,M
6446,Bob Gonzalez,M
6454,David Wales,M
6458,Dennis Blake,M
6459,Nigel Boydell,M
6482,Delmar H Dolbier,M
6492,Hugh Gillis,M
6494,Morey Kunin,M
6499,dave7,M
6506,Tim Quinn,M
6512,mcgovern1934,M
6529,Fred DeBerardinis,M
6533,drewmore,M
6535,Ron Altman,M
6538,Juan Federico,M
6539,David W. Wolfe,M
6540,Craig Gulliver,M
6550,elfpen,M
6553,DublinGothic,M
6563,William Tomcho,M
6574,Caden Vaughn Clegg,M
6575,Patrick Painter,M
6609,Patrick Wallace,M
6625,hearmeout7,M
6636,Philip Martin,M
6652,Brendon Wright,M
6668,Ecological Humanist,M
6670,Mike Pelton,M
6671,Tony Oliva,M
6674,jimmylee,M
6685,Jonathan Drury,M
6686,Elin,M
6687,KirksVoice,M
6690,T Michael Burke,M
6694,Ross Williamson,M
6701,Dayle,M
6707,Lewis,M
6709,vinphizz,M
6713,stephenreader,M
6727,Tony Russell,M
6743,Rick Rodney,M
6746,Robin Skelcey,M
6747,Ryan Lothian,M
6752,maxvon_d,M
6753,T.E. McHenry,M
6754,ToddHW,M
6773,MostafaRazavi,M
6777,Rick Saffery,M
6784,SteveBuys,M
6792,montmorency,M
6798,Aesthete's Readings,M
6804,Nick Duncan,M
6836,John,M
6846,John Leonard,M
6848,KarlHenning,M
6849,Dan Raynham,M
6875,Bill Miller,M
6877,Bear Schacht,M
6880,Capybara,M
6882,David Isenhower,M
6883,Adam Doughty,M
6892,Piotr Nater,M
6912,Richard Beck,M
6923,Szindbad,M
6925,Thomas Meaney,M
6945,Daniel George,M
6954,Paul Richards,M
6962,mattoscarlomas,M
6963,Kasper,M
6965,NoelBadrian,M
6974,Michael Armenta,M
7000,Kevin Alix,M
7008,John Trevithick,M
7009,roeg11,M
7011,Icprice,M
7030,Conrad T,M
7046,Pascal Ramseier,M
7051,Andrew White,M
7055,gemtwist,M
7061,AllenJohns,M
7065,smitaj,M
7067,Matthew Wall,M
7069,John Schuurman,M
7090,Jon Sindell,M
7095,Wesseling,M
7096,Gary Iredale,M
7107,titankin77,M
7121,384403,M
7128,morganreads,M
7134,Steve Jackson,M
7139,gabrielv,M
7147,S.Nevets,M
7150,asterix,M
7155,pklipp,M
7169,Ryan Ransom,M
7170,alanmapstone,M
7188,Marty,M
7189,doonaboon,M
7190,Tony Posante,M
7208,KK,M
7215,BensonBrunswin,M
7226,Jonathan Moore,M
7228,Peter John Keeble,M
7238,Uday Sagar,M
7239,manofwealth,M
7247,Robert Hoffman,M
7264,Sean McClain,M
7278,Jon Smith,M
7301,jonseverity,M
7307,Anthony Ogus,M
7312,nkneer,M
7313,Mark DeVol,M
7326,Adam,M
7327,Tommy Howell,M
7338,Eberle Thomas,M
7346,James Bendall,M
7354,TrevorD777,M
7357,rebcult,M
7367,NIneFive83,M
7389,Steve C,M
7391,Cary Simz,M
7402,Canby Ibarra,M
7408,David Clarke,M
7423,Gilles G. Le Blanc,M
7424,Christopher Smith,M
7436,Gregory Eccles,M
7447,dasbury,M
7448,Kevin Johnson,M
7460,Larry Beasley,M
7463,Pete Milan,M
7475,Jared Hess,M
7478,Dan Froese,M
7502,mikefernlea,M
7505,Ron Lockhart,M
7512,dudeman,M
7518,TJDasch,M
7520,Richard Jackson,M
7538,Logan West,M
7540,Christopher Webber,M
7553,BDSEmpire,M
7556,Alex Lau,M
7558,J. A. Cook,M
7559,gassumpcao,M
7561,Shawn Bayern,M
7565,Derek,M
7585,MaxSitting,M
7603,Wupperhippo,M
7608,rookieblue,M
7618,Stipsky,M
7640,Dan Darbandi,M
7647,Daniel T. Miller,M
7654,Word And Mouth,M
7672,Cooper Leith,M
7691,engineerdst,M
7700,Dave Wills,M
7704,Robert Harder,M
7713,Sacha Chander,M
7720,jeffwiltzius,M
7746,Tom Causby,M
7749,Sammy Bean,M
7764,Mike Nelson,M
7769,David Biro,M
7777,Jacob Paine,M
7786,Kevin W. Davidson,M
7795,Cubrick,M
7796,Raybrite,M
7823,Bart in 't Veld,M
7825,PDyer,M
7826,Dave Shaw,M
7828,Dan Mason,M
7833,Jesse Crisp-Sears,M
7835,kageokami,M
7848,bala,M
7871,Rocit,M
7909,MGreenberg,M
7912,Nathan Dickey,M
7923,amaskill,M
7938,Goss45,M
7939,DPranitis,M
7942,Luke Sartor,M
7949,Jon Miller,M
7957,Wiley Combs,M
7981,timothyFR,M
7988,JaySands,M
7997,Tom Merritt,M
8006,TyroneS,M
8008,Paul Adamson,M
8023,JamesMcAndrew,M
8033,geoffbl,M
8042,Jack Watson Warr,M
8058,RLC,M
8063,Robert Snoza,M
8066,Tim Cote,M
8087,Arnie Horton,M
8088,Jason Bolestridge,M
8095,Theodulf,M
8098,Arnold,M
8108,drakaunus,M
8119,Malcolm Cameron,M
8138,Lee Smalley,M
8143,Nick Whitley,M
8152,Bigcowfeet,M
8164,Rob Board,M
8169,tovarisch,M
8172,Alan Weyman,M
8176,Jon Kerfoot,M
8195,Mr Krause,M
8200,Dan S,M
8208,zaanta,M
8215,readread,M
8222,Greg Golding,M
8225,Matt Lusher,M
8226,Adam Picot,M
8245,gscheids,M
8246,beeveeo,M
8250,Stephen Gibbons,M
8262,Jack Powell,M
8266,Jeff K.,M
8273,Lucas Boulding,M
8291,Elliot Gage,M
8307,Nick Bulka,M
8316,Rocket Rodger,M
8322,yeknod,M
8328,William Gavula,M
8334,Doug Reed,M
8346,Al Rocca,M
8347,Terry Torres,M
8356,Paul Mazumdar,M
8367,ophiuroidea,M
8389,Steven Bateman,M
8394,Matthew Walker,M
8396,gloriousjob,M
8401,Alexander Hatton,M
8413,PaulMichael1084,M
8419,Jon Kissack,M
8422,pjhoury,M
8425,Larry Wilson,M
8444,Anthony Webster,M
8445,Brett G. Hirsch,M
8459,sdaeley17,M
8466,Chris Cartwright,M
8474,Scott Snowman,M
8490,Matt Parker,M
8494,Bill Yallalee,M
8498,Ian Quinlan,M
8499,ReadAllDay,M
8500,Ravi Shankar,M
8527,Gary Bohannon,M
8531,imenadel,M
8534,Chris Clark,M
8536,Jonathan Brubaker,M
8565,Patrick Eaton,M
8575,Jeremy Robertson,M
8576,Phil Schempf,M
8580,Gary Dana,M
8587,Drew Johnson,M
8590,bobrose,M
8592,Dylan Posa,M
8609,noblesavage,M
8629,Shivansh Dhar,M
8630,Eduardo,M
8631,Edward Kirkby,M
8632,Geremia,M
8635,ACBowgus,M
8666,josembi,M
8671,Simon Smoke,M
8675,Larry Greene,M
8687,EccentricOwl,M
8705,dsilber01,M
8710,Ralph Crown,M
8713,Expatriate,M
8725,Gary Ericson,M
8742,Adam Taylor,M
8747,DeanOBuchanan,M
8753,Walt Allan,M
8758,Krzysztof Rowinski,M
8765,jciesielski,M
8770,Paul Simonin,M
8772,Martin Reyto,M
8786,Bruce Kachuk,M
8791,ScottReyonoldsVoice,M
8797,Sean Grabosky,M
8799,Peter Tucker,M
8803,Ben Lindsey-Clark,M
8808,davidpr,M
8820,Ignare,M
8838,Kevin Owens,M
8848,Craig Kenneth Bryant,M
8855,Eric Metzler,M
8875,David D'Huet,M
8887,Andrew Hernandez,M
9000,Ramon Escamilla,M
9017,John Van Stan,M
